{
    "slope": -5.417712963559748,
    "intercept": 0.5859953290831452,
    "slope_stderr": 0.009098938755826347,
    "intercept_stderr": 0.0005686026758369696,
    "rvalue": -0.9984831269500478,
    "pvalue": 0.0
}